{"cameraMode":{"drawMode":0,"name":"Shaded","section":"Shading Mode"},"sceneLighting":false,"audioPlay":false,"sceneViewState":{"showFog":false,"showMaterialUpdate":false,"showSkybox":false,"showFlares":false,"showImageEffects":false,"showParticleSystems":false},"in2DMode":false,"pivot":{"x":-0.018422484397888185,"y":2.0453696250915529,"z":-10.168468475341797},"rotation":{"x":0.253456711769104,"y":0.04206358268857002,"z":-0.011032326146960259,"w":0.9663688540458679},"size":2.4478840827941896,"orthographic":false}