{"cameraMode":{"drawMode":0,"name":"Shaded","section":"Shading Mode"},"sceneLighting":false,"audioPlay":false,"sceneViewState":{"showFog":false,"showMaterialUpdate":false,"showSkybox":false,"showFlares":false,"showImageEffects":false,"showParticleSystems":false},"in2DMode":false,"pivot":{"x":-0.018422484397888185,"y":2.0453696250915529,"z":-10.168468475341797},"rotation":{"x":0.2530664801597595,"y":0.06813706457614899,"z":-0.017870809882879258,"w":0.9648810625076294},"size":10.789854049682618,"orthographic":false}